sample_index,timestamp,eeg
1,1782309353.2693317,247
2,1782309353.2693405,600
3,1782309353.2693424,302
4,1782309353.2693434,670
5,1782309353.2693448,252
6,1782309353.2693458,606
7,1782309353.2693467,305
8,1782309353.2693532,665
9,1782309353.2693543,259
10,1782309353.2693553,738
11,1782309353.2693734,973
12,1782309353.2693746,93
13,1782309353.2693758,970
14,1782309353.2693765,974
15,1782309353.2693775,82
16,1782309353.2693782,969
17,1782309353.2693791,978
18,1782309353.2708316,81
19,1782309353.2708333,971
20,1782309353.2708342,975
21,1782309353.2708352,81
22,1782309353.270836,971
23,1782309353.270837,976
24,1782309353.2708383,75
25,1782309353.270839,970
26,1782309353.2708457,977
27,1782309353.270847,74
28,1782309353.2708478,970
29,1782309353.2708488,143
30,1782309353.2708497,975
31,1782309353.2708507,72
32,1782309353.2708516,969
33,1782309353.2708533,142
34,1782309353.2708542,977
35,1782309353.2767987,74
36,1782309353.276801,971
37,1782309353.276802,145
38,1782309353.276803,975
39,1782309353.2768042,82
40,1782309353.2768052,970
41,1782309353.2768064,141
42,1782309353.2768073,975
43,1782309353.2768083,69
44,1782309353.2768092,973
45,1782309353.2768152,140
46,1782309353.2768161,974
47,1782309353.276817,66
48,1782309353.276818,974
49,1782309353.276819,139
50,1782309353.27682,975
51,1782309353.2768207,56
52,1782309353.2768216,970
53,1782309353.2768228,130
54,1782309353.2768238,912
55,1782309353.2768285,51
56,1782309353.2768295,972
57,1782309353.2768304,133
58,1782309353.2768314,912
59,1782309353.2768342,45
60,1782309353.2768354,973
61,1782309353.2768362,130
62,1782309353.2768369,916
63,1782309353.2768378,46
64,1782309353.2768385,973
65,1782309353.2768428,130
66,1782309353.2768438,916
67,1782309353.2768445,55
68,1782309353.2768455,972
69,1782309353.2768466,129
70,1782309353.2768474,922
71,1782309353.276848,49
72,1782309353.2768493,973
73,1782309353.27685,127
74,1782309353.276851,925
75,1782309353.282286,48
76,1782309353.2822905,972
77,1782309353.2822924,127
78,1782309353.2822936,924
79,1782309353.2822945,203
80,1782309353.2822955,973
81,1782309353.2822964,125
82,1782309353.2822971,927
83,1782309353.2822978,212
84,1782309353.2822988,976
85,1782309353.2840955,122
86,1782309353.2840972,929
87,1782309353.2840984,200
88,1782309353.2840993,974
89,1782309353.2841,136
90,1782309353.2841008,933
91,1782309353.284102,204
92,1782309353.284103,974
93,1782309353.2841039,127
94,1782309353.284105,943
95,1782309353.2841108,206
96,1782309353.284112,974
97,1782309353.2841132,123
98,1782309353.2841141,942
99,1782309353.2841148,202
100,1782309353.284116,974
101,1782309353.2841167,127
102,1782309353.2841177,946
103,1782309353.2841184,201
104,1782309353.2841196,808
105,1782309353.2841244,123
106,1782309353.2841253,947
107,1782309353.2841265,196
108,1782309353.2841272,811
109,1782309353.2841282,122
110,1782309353.2841294,949
111,1782309353.2841344,192
112,1782309353.284135,816
113,1782309353.2841363,113
114,1782309353.284137,957
115,1782309353.2879634,186
116,1782309353.2879658,823
117,1782309353.2879677,108
118,1782309353.2879696,963
119,1782309353.2879713,180
120,1782309353.2879732,828
121,1782309353.2879748,103
122,1782309353.2879765,963
123,1782309353.2879782,178
124,1782309353.2879798,837
125,1782309353.2890506,99
126,1782309353.2890522,968
127,1782309353.2890532,176
128,1782309353.289054,838
129,1782309353.2890549,255
130,1782309353.289056,970
131,1782309353.2890568,170
132,1782309353.2890575,848
133,1782309353.2890584,250
134,1782309353.2890594,972
135,1782309353.290043,164
136,1782309353.290044,851
137,1782309353.2900453,243
138,1782309353.290046,970
139,1782309353.290047,167
140,1782309353.2900476,847
141,1782309353.2900486,248
142,1782309353.2900496,973
143,1782309353.2900503,166
144,1782309353.290051,848
145,1782309353.2918835,250
146,1782309353.2918859,970
147,1782309353.2918875,168
148,1782309353.2918894,847
149,1782309353.291891,253
150,1782309353.291893,970
151,1782309353.2918947,167
152,1782309353.2918966,853
153,1782309353.291898,251
154,1782309353.2918997,703
155,1782309353.2927928,159
156,1782309353.2927942,855
157,1782309353.2927952,243
158,1782309353.292796,704
159,1782309353.2927969,162
160,1782309353.2927978,851
161,1782309353.2928014,250
162,1782309353.2928023,686
163,1782309353.292803,170
164,1782309353.2928038,842
165,1782309353.2928085,256
166,1782309353.2928095,695
167,1782309353.2928102,166
168,1782309353.292811,852
169,1782309353.292812,252
170,1782309353.2928128,699
171,1782309353.2928138,162
172,1782309353.2928145,856
173,1782309353.292816,248
174,1782309353.2928169,708
175,1782309353.297744,160
176,1782309353.2977457,859
177,1782309353.2977467,247
178,1782309353.2977476,708
179,1782309353.2977486,345
180,1782309353.2977495,856
181,1782309353.2977502,252
182,1782309353.297751,706
183,1782309353.2977521,346
184,1782309353.2977529,853
185,1782309353.2977712,249
186,1782309353.2977722,707
187,1782309353.2977734,334
188,1782309353.297774,874
189,1782309353.297775,221
190,1782309353.297776,736
191,1782309353.2977767,312
192,1782309353.2977774,890
193,1782309353.2977784,222
194,1782309353.297779,750
195,1782309353.2977836,299
196,1782309353.2977846,904
197,1782309353.2977855,189
198,1782309353.2977865,769
199,1782309353.2977872,277
200,1782309353.297788,920
201,1782309353.2977889,184
202,1782309353.29779,776
203,1782309353.2977908,274
204,1782309353.2977917,593
205,1782309353.3028786,182
206,1782309353.30288,773
207,1782309353.302881,276
208,1782309353.3028831,592
209,1782309353.302884,187
210,1782309353.302885,773
211,1782309353.3028862,277
212,1782309353.302887,606
213,1782309353.302888,192
214,1782309353.3028886,782
215,1782309353.3028932,277
216,1782309353.302894,612
217,1782309353.302895,190
218,1782309353.3028958,787
219,1782309353.3028967,272
220,1782309353.3028975,622
221,1782309353.3028984,185
222,1782309353.3028994,791
223,1782309353.3029003,279
224,1782309353.302901,630
225,1782309353.302905,182
226,1782309353.302906,796
227,1782309353.3029072,262
228,1782309353.302908,634
229,1782309353.3029087,366
230,1782309353.3029096,810
231,1782309353.3029106,262
232,1782309353.3029113,640
233,1782309353.3029122,371
234,1782309353.302913,810
235,1782309353.302917,261
236,1782309353.3029182,644
237,1782309353.3029191,368
238,1782309353.3029199,805
239,1782309353.3029208,269
240,1782309353.3029215,640
241,1782309353.3029225,370
242,1782309353.3029232,804
243,1782309353.302924,265
244,1782309353.3029249,645
245,1782309353.3029292,360
246,1782309353.3029299,815
247,1782309353.3029308,257
248,1782309353.3029318,656
249,1782309353.3029327,357
250,1782309353.3029335,822
251,1782309353.3029342,255
252,1782309353.3029351,664
253,1782309353.302936,358
254,1782309353.3029368,487
255,1782309353.307797,254
256,1782309353.3078012,673
257,1782309353.3078032,351
258,1782309353.3078046,488
259,1782309353.3078077,250
260,1782309353.3078089,674
261,1782309353.3078098,346
262,1782309353.3078108,492
263,1782309353.3078117,247
264,1782309353.3078127,686
265,1782309353.3092968,346
266,1782309353.3092995,492
267,1782309353.3093007,248
268,1782309353.309302,692
269,1782309353.3093033,347
270,1782309353.3093042,497
271,1782309353.3093054,244
272,1782309353.3093064,686
273,1782309353.3093073,342
274,1782309353.309308,493
275,1782309353.3093157,243
276,1782309353.3093166,698
277,1782309353.3093176,339
278,1782309353.3093185,497
279,1782309353.3093195,431
280,1782309353.3093202,704
281,1782309353.3093212,336
282,1782309353.3093219,499
283,1782309353.309323,427
284,1782309353.3093238,709
285,1782309353.3093286,323
286,1782309353.3093297,504
287,1782309353.3093307,426
288,1782309353.3093317,713
289,1782309353.3093328,323
290,1782309353.3093338,513
291,1782309353.3093345,423
292,1782309353.3093355,722
293,1782309353.3093364,326
294,1782309353.3093371,520
295,1782309353.3093414,421
296,1782309353.3093424,725
297,1782309353.3093436,320
298,1782309353.3093443,524
299,1782309353.3093452,422
300,1782309353.3094003,728
301,1782309353.3094015,319
302,1782309353.3094027,528
303,1782309353.3094037,420
304,1782309353.3094046,459
305,1782309353.3099933,325
306,1782309353.3099954,540
307,1782309353.3099966,413
308,1782309353.3099976,459
309,1782309353.3099985,314
310,1782309353.3099997,544
311,1782309353.3100004,415
312,1782309353.3100014,462
313,1782309353.3100023,310
314,1782309353.3100033,556
315,1782309353.3100092,409
316,1782309353.3100104,463
317,1782309353.3100114,308
318,1782309353.310012,560
319,1782309353.3100133,407
320,1782309353.310014,462
321,1782309353.310015,304
322,1782309353.3100157,571
323,1782309353.3100169,405
324,1782309353.3100178,461
325,1782309353.3133204,301
326,1782309353.3133216,577
327,1782309353.3133225,400
328,1782309353.3133233,464
329,1782309353.3133242,521
330,1782309353.3133252,583
331,1782309353.313326,404
332,1782309353.3133268,451
333,1782309353.313328,537
334,1782309353.313329,575
335,1782309353.319511,418
336,1782309353.3195126,438
337,1782309353.3195136,543
338,1782309353.3195145,585
339,1782309353.3195155,412
340,1782309353.3195162,444
341,1782309353.3195179,540
342,1782309353.3195188,591
343,1782309353.3195195,404
344,1782309353.3195205,444
345,1782309353.3195257,534
346,1782309353.3195267,603
347,1782309353.3195276,402
348,1782309353.3195288,448
349,1782309353.3195295,530
350,1782309353.3195302,610
351,1782309353.3195312,395
352,1782309353.319532,448
353,1782309353.3195336,518
354,1782309353.3195345,413
355,1782309353.3195393,382
356,1782309353.31954,464
357,1782309353.319541,496
358,1782309353.3195417,432
359,1782309353.319543,345
360,1782309353.3195436,490
361,1782309353.3195443,420
362,1782309353.3195453,498
363,1782309353.3195465,225
364,1782309353.3195474,578
365,1782309353.320896,336
366,1782309353.3209004,553
367,1782309353.320902,173
368,1782309353.3209038,594
369,1782309353.320905,326
370,1782309353.320906,533
371,1782309353.3209074,173
372,1782309353.3209083,583
373,1782309353.3209093,319
374,1782309353.3209105,539
375,1782309353.3209198,172
376,1782309353.3209212,596
377,1782309353.3209229,320
378,1782309353.3209238,536
379,1782309353.320925,410
380,1782309353.320926,595
381,1782309353.320927,325
382,1782309353.3209279,534
383,1782309353.3209288,398
384,1782309353.3209295,594
385,1782309353.3209462,317
386,1782309353.3209474,540
387,1782309353.3209484,396
388,1782309353.3209493,596
389,1782309353.3209503,312
390,1782309353.3209512,533
391,1782309353.3209522,399
392,1782309353.3209531,593
393,1782309353.3209546,311
394,1782309353.3209553,537
395,1782309353.3209636,398
396,1782309353.3209643,594
397,1782309353.3209653,303
398,1782309353.3209662,540
399,1782309353.3209672,392
400,1782309353.320968,600
401,1782309353.3209686,295
402,1782309353.3209698,540
403,1782309353.3209705,388
404,1782309353.3209713,488
405,1782309353.3296804,290
406,1782309353.329689,545
407,1782309353.3296907,388
408,1782309353.329692,496
409,1782309353.3296936,287
410,1782309353.329695,554
411,1782309353.3296962,388
412,1782309353.3296974,499
413,1782309353.3296986,281
414,1782309353.3296995,567
415,1782309353.331667,377
416,1782309353.3316689,519
417,1782309353.33167,272
418,1782309353.331671,574
419,1782309353.3316724,385
420,1782309353.3316731,510
421,1782309353.3316739,277
422,1782309353.3316748,564
423,1782309353.3316755,381
424,1782309353.3316765,510
425,1782309353.3325307,274
426,1782309353.3325322,565
427,1782309353.3325334,375
428,1782309353.332534,515
429,1782309353.3325353,419
430,1782309353.332536,571
431,1782309353.3325372,377
432,1782309353.3325381,516
433,1782309353.332539,421
434,1782309353.3325403,572
435,1782309353.332546,375
436,1782309353.3325472,519
437,1782309353.332548,417
438,1782309353.3325489,573
439,1782309353.3325496,380
440,1782309353.3325503,512
441,1782309353.3325515,424
442,1782309353.3325522,566
443,1782309353.3325531,377
444,1782309353.332554,511
445,1782309353.3325586,424
446,1782309353.3325596,570
447,1782309353.3325603,374
448,1782309353.3325615,520
449,1782309353.3325627,414
450,1782309353.3325636,577
451,1782309353.3325646,374
452,1782309353.3325655,524
453,1782309353.3325665,418
454,1782309353.3325675,473
455,1782309353.3365824,372
456,1782309353.3365836,526
457,1782309353.3365848,414
458,1782309353.3365855,476
459,1782309353.3365865,373
460,1782309353.3365872,522
461,1782309353.3365884,416
462,1782309353.336589,469
463,1782309353.3365898,373
464,1782309353.3365908,520
465,1782309353.3365953,415
466,1782309353.3365963,469
467,1782309353.336597,367
468,1782309353.336598,527
469,1782309353.3365989,410
470,1782309353.3365996,477
471,1782309353.3366003,366
472,1782309353.3366013,535
473,1782309353.3366024,408
474,1782309353.3366034,493
475,1782309353.3366077,366
476,1782309353.3366084,533
477,1782309353.3366096,407
478,1782309353.3366103,488
479,1782309353.3366113,451
480,1782309353.336612,542
481,1782309353.3366134,407
482,1782309353.3366141,487
483,1782309353.3366148,450
484,1782309353.3366156,544
485,1782309353.3420982,404
486,1782309353.3421025,487
487,1782309353.3421037,446
488,1782309353.342105,541
489,1782309353.3421059,401
490,1782309353.3421068,487
491,1782309353.3421075,446
492,1782309353.3421085,546
493,1782309353.3421094,401
494,1782309353.3421102,489
495,1782309353.343993,445
496,1782309353.3439968,545
497,1782309353.343998,400
498,1782309353.343999,491
499,1782309353.344,444
500,1782309353.3440008,548
501,1782309353.3440025,399
502,1782309353.3440037,492
503,1782309353.3440046,445
504,1782309353.3440053,438
505,1782309353.3505855,398
506,1782309353.350593,494
507,1782309353.3505955,440
508,1782309353.3505979,440
509,1782309353.3505998,395
510,1782309353.3506014,492
511,1782309353.3506033,442
512,1782309353.3506048,443
513,1782309353.350607,395
514,1782309353.3506086,502
515,1782309353.4440148,438
516,1782309353.4440348,447
517,1782309353.444038,394
518,1782309353.4440408,505
519,1782309353.4440432,437
520,1782309353.4440453,447
521,1782309353.4440472,397
522,1782309353.4440491,499
523,1782309353.444051,441
524,1782309353.4440527,445
525,1782309353.547436,394
526,1782309353.5474508,494
527,1782309353.547453,442
528,1782309353.547454,441
529,1782309353.5474553,491
530,1782309353.5474565,499
531,1782309353.5474584,441
532,1782309353.5474594,441
533,1782309353.5474613,489
534,1782309353.5474627,496
535,1782309353.8543358,435
536,1782309353.8543508,448
537,1782309353.8543525,486
538,1782309353.8543537,502
539,1782309353.854355,438
540,1782309353.8543563,449
541,1782309353.8543575,485
542,1782309353.8543582,503
543,1782309353.8543594,438
544,1782309353.8543603,448
545,1782309353.8543737,486
546,1782309353.8543746,516
547,1782309353.8543756,427
548,1782309353.8543768,462
549,1782309353.8543777,478
550,1782309353.854379,504
551,1782309353.8543801,436
552,1782309353.854381,450
553,1782309353.8543818,482
554,1782309353.8543828,395
555,1782309353.855042,431
556,1782309353.8550432,456
557,1782309353.8550441,482
558,1782309353.8550448,396
559,1782309353.8550467,432
560,1782309353.8550475,453
561,1782309353.8550484,478
562,1782309353.8550494,399
563,1782309353.8550503,431
564,1782309353.855051,456
565,1782309354.0590494,480
566,1782309354.059061,402
567,1782309354.0590622,429
568,1782309354.0590634,456
569,1782309354.0590653,476
570,1782309354.0590663,400
571,1782309354.0590675,428
572,1782309354.0590682,458
573,1782309354.0590692,475
574,1782309354.0590699,406
575,1782309354.0595605,422
576,1782309354.0595615,472
577,1782309354.0595624,468
578,1782309354.0595636,419
579,1782309354.0595646,530
580,1782309354.0595655,475
581,1782309354.0595663,467
582,1782309354.0595672,420
583,1782309354.059568,526
584,1782309354.059569,477
585,1782309354.0860088,467
586,1782309354.0860143,426
587,1782309354.0860164,521
588,1782309354.0860183,481
589,1782309354.08602,466
590,1782309354.086022,428
591,1782309354.086024,520
592,1782309354.0860257,487
593,1782309354.0860276,462
594,1782309354.0860293,427
595,1782309354.267696,519
596,1782309354.267709,484
597,1782309354.2677104,464
598,1782309354.2677124,430
599,1782309354.2677135,522
600,1782309354.2677145,484
601,1782309354.267716,461
602,1782309354.267717,431
603,1782309354.2677176,519
604,1782309354.2677186,376
605,1782309354.2960267,457
606,1782309354.296031,429
607,1782309354.2960322,512
608,1782309354.2960343,377
609,1782309354.2960355,455
610,1782309354.296037,438
611,1782309354.296038,512
612,1782309354.296039,380
613,1782309354.2960403,458
614,1782309354.2960413,435
615,1782309354.4702978,513
616,1782309354.4703126,376
617,1782309354.4703143,453
618,1782309354.4703155,437
619,1782309354.470317,507
620,1782309354.4703183,387
621,1782309354.47032,452
622,1782309354.470321,441
623,1782309354.4703221,508
624,1782309354.4703236,378
625,1782309354.6935058,459
626,1782309354.6935236,433
627,1782309354.6935265,510
628,1782309354.6935294,380
629,1782309354.6935313,577
630,1782309354.6935332,441
631,1782309354.693535,507
632,1782309354.6935368,381
633,1782309354.6935387,574
634,1782309354.69354,439
635,1782309354.6935544,505
636,1782309354.6935563,382
637,1782309354.6935573,574
638,1782309354.693558,442
639,1782309354.6935594,503
640,1782309354.6935604,389
641,1782309354.693561,571
642,1782309354.693562,442
643,1782309354.693563,506
644,1782309354.6935637,389
645,1782309354.694045,571
646,1782309354.6940477,447
647,1782309354.694049,505
648,1782309354.6940503,390
649,1782309354.6940513,567
650,1782309354.694052,450
651,1782309354.694053,496
652,1782309354.694054,392
653,1782309354.6940546,565
654,1782309354.6940558,337
655,1782309354.878683,495
656,1782309354.8786972,387
657,1782309354.8786995,568
658,1782309354.8787012,331
659,1782309354.8787034,501
660,1782309354.8787057,390
661,1782309354.8787074,568
662,1782309354.878709,332
663,1782309354.8787103,498
664,1782309354.8787115,392
665,1782309355.0833342,544
666,1782309355.0833466,336
667,1782309355.083348,495
668,1782309355.0833497,392
669,1782309355.0833511,565
670,1782309355.0833526,338
671,1782309355.0833535,494
672,1782309355.083356,393
673,1782309355.083357,561
674,1782309355.0833583,342
675,1782309355.0833728,493
676,1782309355.0833745,397
677,1782309355.0833764,560
678,1782309355.0833778,343
679,1782309355.083379,632
680,1782309355.0833805,402
681,1782309355.0833814,558
682,1782309355.0833828,346
683,1782309355.0833838,625
684,1782309355.083385,403
685,1782309355.0907185,552
686,1782309355.09072,345
687,1782309355.0907211,624
688,1782309355.0907226,400
689,1782309355.0907235,554
690,1782309355.0907247,349
691,1782309355.0907254,625
692,1782309355.0907261,404
693,1782309355.0907269,552
694,1782309355.0907283,351
695,1782309355.2885094,621
696,1782309355.2885242,408
697,1782309355.2885256,546
698,1782309355.2885265,350
699,1782309355.2885277,618
700,1782309355.2885287,409
701,1782309355.2885296,545
702,1782309355.2885313,354
703,1782309355.2885323,616
704,1782309355.2885337,293
705,1782309355.2885475,545
706,1782309355.288549,349
707,1782309355.28855,618
708,1782309355.2885509,299
709,1782309355.2885523,542
710,1782309355.2885532,352
711,1782309355.2885542,612
712,1782309355.288555,300
713,1782309355.288556,539
714,1782309355.288557,359
715,1782309355.4915733,610
716,1782309355.4915853,304
717,1782309355.491588,540
718,1782309355.4915905,361
719,1782309355.4915924,605
720,1782309355.4915946,307
721,1782309355.4915965,535
722,1782309355.4915984,363
723,1782309355.4916,603
724,1782309355.4916034,303
725,1782309355.4955585,534
726,1782309355.4955642,364
727,1782309355.4955657,603
728,1782309355.4955666,303
729,1782309355.4955678,683
730,1782309355.495569,363
731,1782309355.49557,604
732,1782309355.4955707,309
733,1782309355.4955716,680
734,1782309355.4955728,367
735,1782309355.5954084,602
736,1782309355.5954227,312
737,1782309355.5954244,675
738,1782309355.5954256,371
739,1782309355.5954266,597
740,1782309355.5954275,315
741,1782309355.5954287,675
742,1782309355.5954294,373
743,1782309355.5954304,593
744,1782309355.5954325,316
745,1782309355.6982203,671
746,1782309355.698238,372
747,1782309355.698241,593
748,1782309355.6982431,319
749,1782309355.6982453,670
750,1782309355.6982474,377
751,1782309355.69825,590
752,1782309355.698252,323
753,1782309355.698254,665
754,1782309355.6982558,266
755,1782309355.9238887,590
756,1782309355.9239044,324
757,1782309355.923907,665
758,1782309355.9239097,265
759,1782309355.923912,591
760,1782309355.923914,331
761,1782309355.923916,665
762,1782309355.923918,269
763,1782309355.92392,585
764,1782309355.9239216,329
765,1782309355.9239435,662
766,1782309355.9239461,272
767,1782309355.923948,586
768,1782309355.9239511,336
769,1782309355.9239528,661
770,1782309355.923955,275
771,1782309355.923957,582
772,1782309355.9239588,337
773,1782309355.9239607,662
774,1782309355.9239624,276
775,1782309356.1075358,590
776,1782309356.107554,337
777,1782309356.107557,659
778,1782309356.1075597,282
779,1782309356.1075618,740
780,1782309356.1075635,342
781,1782309356.1075656,656
782,1782309356.1075673,281
783,1782309356.1075692,731
784,1782309356.1075706,341
785,1782309356.1076112,650
786,1782309356.1076143,287
787,1782309356.1076162,732
788,1782309356.1076179,342
789,1782309356.1076195,654
790,1782309356.1076214,283
791,1782309356.1076233,728
792,1782309356.1076252,342
793,1782309356.107627,651
794,1782309356.1076288,284
795,1782309356.3161018,733
796,1782309356.316121,341
797,1782309356.3161242,651
798,1782309356.316126,285
799,1782309356.3161285,734
800,1782309356.3161304,341
801,1782309356.3161328,646
802,1782309356.3161347,286
803,1782309356.3161366,727
804,1782309356.3161392,230
805,1782309356.316162,647
806,1782309356.3161767,291
807,1782309356.3161788,723
808,1782309356.3161807,230
809,1782309356.3161829,641
810,1782309356.3161848,289
811,1782309356.3161864,724
812,1782309356.3161879,235
813,1782309356.3161898,638
814,1782309356.3161914,292
815,1782309356.5168712,719
816,1782309356.5168836,235
817,1782309356.516887,639
818,1782309356.5168896,295
819,1782309356.5168917,720
820,1782309356.5168934,240
821,1782309356.5168955,638
822,1782309356.5168977,296
823,1782309356.5168996,718
824,1782309356.5169015,237
825,1782309356.5186284,637
826,1782309356.5186307,295
827,1782309356.5186317,713
828,1782309356.5186338,237
829,1782309356.518635,795
830,1782309356.518636,302
831,1782309356.5186367,711
832,1782309356.518638,244
833,1782309356.5186386,792
834,1782309356.5186396,302
835,1782309356.7221556,708
836,1782309356.7221704,243
837,1782309356.7221723,787
838,1782309356.722174,305
839,1782309356.722175,707
840,1782309356.7221763,251
841,1782309356.7221773,781
842,1782309356.7221785,312
843,1782309356.7221794,699
844,1782309356.7221801,253
845,1782309356.7221942,763
846,1782309356.7222083,309
847,1782309356.722209,696
848,1782309356.72221,253
849,1782309356.7222111,780
850,1782309356.722212,310
851,1782309356.722213,698
852,1782309356.722214,251
853,1782309356.722215,779
854,1782309356.7222157,196
855,1782309357.131318,699
856,1782309357.131331,249
857,1782309357.131334,777
858,1782309357.1313365,193
859,1782309357.1313388,697
860,1782309357.1313407,252
861,1782309357.1313426,775
862,1782309357.1313448,196
863,1782309357.1313467,688
864,1782309357.1313493,254
865,1782309357.13137,771
866,1782309357.1313722,201
867,1782309357.1313744,688
868,1782309357.1313763,258
869,1782309357.1313784,768
870,1782309357.13138,198
871,1782309357.1313818,688
872,1782309357.1313837,260
873,1782309357.1313853,761
874,1782309357.1313875,204
875,1782309357.1317446,683
876,1782309357.1317468,257
877,1782309357.1317487,761
878,1782309357.1317508,203
879,1782309357.131753,846
880,1782309357.1317546,265
881,1782309357.1317568,767
882,1782309357.131759,211
883,1782309357.1317606,841
884,1782309357.1317623,263
885,1782309357.131773,761
886,1782309357.131775,203
887,1782309357.131777,840
888,1782309357.1317787,263
889,1782309357.1317809,757
890,1782309357.1317828,206
891,1782309357.1318436,841
892,1782309357.131846,269
893,1782309357.1318479,760
894,1782309357.13185,213
895,1782309357.3394966,838
896,1782309357.3395147,267
897,1782309357.3395176,755
898,1782309357.3395205,212
899,1782309357.339523,833
900,1782309357.339526,272
901,1782309357.3395278,752
902,1782309357.33953,217
903,1782309357.3395321,834
904,1782309357.3395338,149
905,1782309357.3395567,748
906,1782309357.3395588,214
907,1782309357.3395607,827
908,1782309357.3395624,168
909,1782309357.3395643,751
910,1782309357.3395658,224
911,1782309357.3395677,828
912,1782309357.3395693,162
913,1782309357.339571,751
914,1782309357.3395731,221
915,1782309357.5413744,827
916,1782309357.5413847,157
917,1782309357.541388,745
918,1782309357.5413904,224
919,1782309357.5413926,828
920,1782309357.541395,163
921,1782309357.541397,744
922,1782309357.5413992,226
923,1782309357.5414014,820
924,1782309357.5414035,155
925,1782309357.5428023,737
926,1782309357.5428047,220
927,1782309357.542806,818
928,1782309357.542807,160
929,1782309357.5428083,878
930,1782309357.5428095,224
931,1782309357.5428107,817
932,1782309357.5428116,160
933,1782309357.5428126,896
934,1782309357.5428138,223
935,1782309357.7459733,812
936,1782309357.7459908,161
937,1782309357.7459943,890
938,1782309357.7459962,226
939,1782309357.7459984,814
940,1782309357.7460015,167
941,1782309357.7460032,889
942,1782309357.7460058,229
943,1782309357.7460074,811
944,1782309357.7460098,161
945,1782309357.746033,894
946,1782309357.7460353,222
947,1782309357.7460375,811
948,1782309357.7460394,164
949,1782309357.746041,892
950,1782309357.746043,225
951,1782309357.7460446,807
952,1782309357.746047,166
953,1782309357.7460492,887
954,1782309357.7460513,88
955,1782309358.262559,806
956,1782309358.2625732,166
957,1782309358.2625751,883
958,1782309358.2625766,96
959,1782309358.2625782,800
960,1782309358.26258,171
961,1782309358.262581,881
962,1782309358.2625825,118
963,1782309358.2625837,799
964,1782309358.2625852,175
965,1782309358.2625988,881
966,1782309358.2626,102
967,1782309358.262601,796
968,1782309358.2626035,177
969,1782309358.2626047,878
970,1782309358.2626061,108
971,1782309358.2626069,794
972,1782309358.2626085,183
973,1782309358.2626097,878
974,1782309358.2626112,110
975,1782309358.2626178,793
976,1782309358.2626188,182
977,1782309358.26262,872
978,1782309358.2626214,106
979,1782309358.262622,953
980,1782309358.2626235,179
981,1782309358.2626247,872
982,1782309358.2626257,108
983,1782309358.2626266,949
984,1782309358.2626286,181
985,1782309358.262646,870
986,1782309358.2626472,121
987,1782309358.262648,952
988,1782309358.2626493,185
989,1782309358.2626503,865
990,1782309358.2626514,114
991,1782309358.2626524,949
992,1782309358.262654,189
993,1782309358.2626557,865
994,1782309358.262657,118
995,1782309358.3632205,948
996,1782309358.3632364,186
997,1782309358.3632383,861
998,1782309358.36324,118
999,1782309358.3632412,948
1000,1782309358.3632433,188
1001,1782309358.3632455,861
1002,1782309358.3632472,120
1003,1782309358.363248,944
1004,1782309358.363249,50
1005,1782309358.3632638,857
1006,1782309358.3632653,119
1007,1782309358.3632662,942
1008,1782309358.3632672,55
1009,1782309358.3632681,860
1010,1782309358.363269,121
1011,1782309358.3632703,944
1012,1782309358.3632715,52
1013,1782309358.3632724,856
1014,1782309358.3632736,120
1015,1782309358.3911207,942
1016,1782309358.3911295,67
1017,1782309358.391133,851
1018,1782309358.391136,132
1019,1782309358.391138,937
1020,1782309358.3911407,61
1021,1782309358.3911426,848
1022,1782309358.3911445,126
1023,1782309358.3911464,937
1024,1782309358.3911483,60
1025,1782309358.5681167,849
1026,1782309358.5681317,130
1027,1782309358.5681357,932
1028,1782309358.5681388,60
1029,1782309358.5681415,961
1030,1782309358.5681443,132
1031,1782309358.568147,931
1032,1782309358.5681496,74
1033,1782309358.568152,959
1034,1782309358.5681558,142
1035,1782309358.5972126,930
1036,1782309358.5972228,60
1037,1782309358.5972247,954
1038,1782309358.597226,103
1039,1782309358.5972273,932
1040,1782309358.597229,45
1041,1782309358.5972307,963
1042,1782309358.5972319,106
1043,1782309358.597233,934
1044,1782309358.597234,41
1045,1782309358.7697802,962
1046,1782309358.769798,109
1047,1782309358.7698014,939
1048,1782309358.769804,37
1049,1782309358.7698066,966
1050,1782309358.7698085,94
1051,1782309358.7698104,937
1052,1782309358.7698128,39
1053,1782309358.7698145,960
1054,1782309358.7698166,15
1055,1782309358.7965217,930
1056,1782309358.796534,41
1057,1782309358.7965367,962
1058,1782309358.7965379,10
1059,1782309358.796539,928
1060,1782309358.7965407,43
1061,1782309358.796542,962
1062,1782309358.7965436,19
1063,1782309358.7965443,926
1064,1782309358.7965465,49
1065,1782309358.9793952,963
1066,1782309358.979407,13
1067,1782309358.979409,928
1068,1782309358.9794102,39
1069,1782309358.9794114,962
1070,1782309358.9794128,20
1071,1782309358.9794137,921
1072,1782309358.979415,41
1073,1782309358.9794161,963
1074,1782309358.979417,17
1075,1782309359.0064592,919
1076,1782309359.0064638,41
1077,1782309359.0064652,962
1078,1782309359.0064666,15
1079,1782309359.0064673,967
1080,1782309359.0064685,39
1081,1782309359.0064697,965
1082,1782309359.0064714,16
1083,1782309359.0064723,967
1084,1782309359.0064735,41
1085,1782309359.1792839,965
1086,1782309359.1792917,19
1087,1782309359.1792934,967
1088,1782309359.1792948,70
1089,1782309359.1792963,959
1090,1782309359.179297,38
1091,1782309359.1792986,960
1092,1782309359.1793,78
1093,1782309359.1793017,959
1094,1782309359.1793027,40
1095,1782309359.1856685,965
1096,1782309359.18567,78
1097,1782309359.185671,958
1098,1782309359.1856725,39
1099,1782309359.1856732,963
1100,1782309359.1856742,81
1101,1782309359.1856756,959
1102,1782309359.1856768,43
1103,1782309359.1856778,964
1104,1782309359.185679,20
1105,1782309359.3658063,956
1106,1782309359.3658245,50
1107,1782309359.3658278,963
1108,1782309359.365831,21
1109,1782309359.3658335,956
1110,1782309359.3658361,45
1111,1782309359.3658385,960
1112,1782309359.3658407,20
1113,1782309359.3658423,953
1114,1782309359.3658447,49
1115,1782309359.486358,960
1116,1782309359.4863749,23
1117,1782309359.4863791,956
1118,1782309359.486382,53
1119,1782309359.4863849,957
1120,1782309359.4863873,25
1121,1782309359.4863899,955
1122,1782309359.4863918,56
1123,1782309359.4863935,961
1124,1782309359.4863958,26
1125,1782309359.7935996,954
1126,1782309359.793612,57
1127,1782309359.7936153,961
1128,1782309359.7936182,29
1129,1782309359.79362,963
1130,1782309359.7936225,58
1131,1782309359.7936246,964
1132,1782309359.7936265,25
1133,1782309359.7936287,963
1134,1782309359.7936308,51
1135,1782309359.795253,963
1136,1782309359.7952557,22
1137,1782309359.7952569,963
1138,1782309359.7952583,44
1139,1782309359.7952592,965
1140,1782309359.7952602,16
1141,1782309359.7952611,969
1142,1782309359.795262,34
1143,1782309359.7952633,965
1144,1782309359.795264,15
1145,1782309359.7952712,960
1146,1782309359.795272,37
1147,1782309359.7952733,966
1148,1782309359.7952743,18
1149,1782309359.7952752,962
1150,1782309359.795276,28
1151,1782309359.795277,964
1152,1782309359.7952778,970
1153,1782309359.7952788,4
1154,1782309359.795284,970
1155,1782309359.795285,16
1156,1782309359.795286,968
1157,1782309359.795287,3
1158,1782309359.7952878,967
1159,1782309359.7952886,2
1160,1782309359.7952905,967
1161,1782309359.7952914,968
1162,1782309359.998435,967
1163,1782309359.9984493,4
1164,1782309359.9984517,966
1165,1782309359.9984536,5
1166,1782309359.9984553,972
1167,1782309359.9984565,967
1168,1782309359.9984581,8
1169,1782309359.9984593,969
1170,1782309360.2041156,968
1171,1782309360.20413,4
1172,1782309360.204132,970
1173,1782309360.2041342,2
1174,1782309360.2041357,973
1175,1782309360.2041366,969
1176,1782309360.204138,973
1177,1782309360.204139,1
1178,1782309360.204166,968
1179,1782309360.2041674,976
1180,1782309360.204169,16
1181,1782309360.20417,969
1182,1782309360.2041712,970
1183,1782309360.2041724,14
1184,1782309360.204267,969
1185,1782309360.2214952,969
1186,1782309360.221513,12
1187,1782309360.2215168,968
1188,1782309360.2215204,967
1189,1782309360.221523,13
1190,1782309360.2215254,967
1191,1782309360.2215278,1
1192,1782309360.2215295,969
1193,1782309360.4085956,965
1194,1782309360.4086134,972
1195,1782309360.4086165,965
1196,1782309360.408619,2
1197,1782309360.4086215,963
1198,1782309360.4086244,966
1199,1782309360.408626,5
1200,1782309360.408641,967
1201,1782309360.4086428,963
1202,1782309360.4086444,6
1203,1782309360.4086456,967
1204,1782309360.4086468,2
1205,1782309360.408648,963
1206,1782309360.4086492,18
1207,1782309360.4086504,965
1208,1782309360.6132603,963
1209,1782309360.6132789,13
1210,1782309360.6132822,967
1211,1782309360.6132853,961
1212,1782309360.6132874,12
1213,1782309360.6132894,965
1214,1782309360.6132913,970
1215,1782309360.6132934,17
1216,1782309360.640997,966
1217,1782309360.6410155,969
1218,1782309360.6410193,16
1219,1782309360.6410224,966
1220,1782309360.6410253,966
1221,1782309360.641028,13
1222,1782309360.64103,966
1223,1782309360.6410322,4
1224,1782309360.8179986,971
1225,1782309360.8180113,19
1226,1782309360.8180153,971
1227,1782309360.8180182,1
1228,1782309360.818021,968
1229,1782309360.8180237,18
1230,1782309360.818026,966
1231,1782309360.818028,971
1232,1782309360.819648,965
1233,1782309360.8196507,972
1234,1782309360.8196518,966
1235,1782309360.8196528,971
1236,1782309360.819654,960
1237,1782309361.2282283,962
1238,1782309361.2282465,965
1239,1782309361.2282495,971
1240,1782309361.2282522,963
1241,1782309361.2282548,969
1242,1782309361.2282774,964
1243,1782309361.2282803,968
1244,1782309361.2282825,972
1245,1782309361.2282844,968
1246,1782309361.2282867,967
1247,1782309361.2282891,2
1248,1782309361.228301,970
1249,1782309361.2283046,1
1250,1782309361.228307,970
1251,1782309361.2283087,3
1252,1782309361.2283106,972
1253,1782309361.2283125,972
1254,1782309361.2283146,969
1255,1782309361.2283237,966
1256,1782309361.2283256,4
1257,1782309361.2283278,971
1258,1782309361.2283297,971
1259,1782309361.2283318,8
1260,1782309361.2283337,970
1261,1782309361.2283378,972
1262,1782309361.4141264,974
1263,1782309361.41414,979
1264,1782309361.4141417,969
1265,1782309361.414143,972
1266,1782309361.4141445,972
1267,1782309361.4147224,970
1268,1782309361.4147243,970
1269,1782309361.4147258,965
1270,1782309361.4147272,969
1271,1782309361.4147284,971
1272,1782309361.8421028,971
1273,1782309361.8421102,969
1274,1782309361.842112,972
1275,1782309361.8421137,969
1276,1782309361.8421156,972
1277,1782309361.8433325,972
1278,1782309361.8433352,971
1279,1782309361.8433363,970
1280,1782309361.8433375,972
1281,1782309361.8433383,974
1282,1782309361.843345,973
1283,1782309361.8433459,972
1284,1782309361.8433468,964
1285,1782309361.843348,971
1286,1782309361.8433492,974
1287,1782309361.8562884,973
1288,1782309361.8562918,975
1289,1782309361.8562932,971
1290,1782309361.8562944,974
1291,1782309361.8562953,972
1292,1782309362.0499976,974
1293,1782309362.0500126,974
1294,1782309362.0500145,973
1295,1782309362.050016,969
1296,1782309362.0500174,976
1297,1782309362.0500326,970
1298,1782309362.0500338,972
1299,1782309362.0500352,973
1300,1782309362.0500362,972
1301,1782309362.0500376,972
1302,1782309362.2517483,971
1303,1782309362.2517574,974
1304,1782309362.2517588,967
1305,1782309362.2517602,973
1306,1782309362.2517614,972
1307,1782309362.2517743,974
1308,1782309362.2517755,973
1309,1782309362.2517767,974
1310,1782309362.251778,972
1311,1782309362.2517788,965
1312,1782309362.458906,970
1313,1782309362.4589212,973
1314,1782309362.4589233,967
1315,1782309362.458925,975
1316,1782309362.458926,973
1317,1782309362.460326,972
1318,1782309362.4603274,971
1319,1782309362.4603288,967
1320,1782309362.46033,972
1321,1782309362.4603317,972
1322,1782309362.669376,972
1323,1782309362.6693928,972
1324,1782309362.6693962,974
1325,1782309362.6693985,974
1326,1782309362.6694007,972
1327,1782309362.6694221,973
1328,1782309362.6694243,975
1329,1782309362.6694264,967
1330,1782309362.669428,971
1331,1782309362.66943,974
1332,1782309362.696846,974
1333,1782309362.6968617,973
1334,1782309362.6968634,972
1335,1782309362.6968646,970
1336,1782309362.696866,974
1337,1782309362.866118,972
1338,1782309362.8661284,968
1339,1782309362.8661304,972
1340,1782309362.8661325,973
1341,1782309362.8661342,973
1342,1782309362.8915703,975
1343,1782309362.8915858,975
1344,1782309362.8915875,971
1345,1782309362.8915892,972
1346,1782309362.8915906,970
1347,1782309363.0711782,976
1348,1782309363.0712252,974
1349,1782309363.0712283,976
1350,1782309363.0712306,978
1351,1782309363.071233,979
1352,1782309363.2758636,974
1353,1782309363.2758818,975
1354,1782309363.2758853,973
1355,1782309363.2758882,974
1356,1782309363.27589,970
1357,1782309363.2772932,981
1358,1782309363.2773116,975
1359,1782309363.277314,977
1360,1782309363.277316,975
1361,1782309363.2773182,977
1362,1782309363.5054998,971
1363,1782309363.505517,975
1364,1782309363.5055187,974
1365,1782309363.50552,972
1366,1782309363.505522,975
1367,1782309363.505537,974
1368,1782309363.5055382,970
1369,1782309363.5055394,973
1370,1782309363.5055408,974
1371,1782309363.5055425,970
1372,1782309363.5055478,975
1373,1782309363.505549,977
1374,1782309363.505551,973
1375,1782309363.5055525,977
1376,1782309363.5055537,975
1377,1782309363.891495,979
1378,1782309363.8915093,973
1379,1782309363.891514,974
1380,1782309363.8915176,975
1381,1782309363.8915215,976
1382,1782309363.8930628,976
1383,1782309363.8930655,968
1384,1782309363.8930666,976
1385,1782309363.8930686,976
1386,1782309363.8930695,976
1387,1782309363.893077,974
1388,1782309363.8930783,975
1389,1782309363.8930793,967
1390,1782309363.89308,977
1391,1782309363.8930814,973
1392,1782309364.095225,976
1393,1782309364.0952425,973
1394,1782309364.095246,975
1395,1782309364.0952485,975
1396,1782309364.0952504,970
1397,1782309364.0952718,974
1398,1782309364.095274,966
1399,1782309364.0952759,974
1400,1782309364.0952778,975
1401,1782309364.09528,973
1402,1782309364.3013926,974
1403,1782309364.3014088,973
1404,1782309364.3014114,976
1405,1782309364.3014133,973
1406,1782309364.3014152,976
1407,1782309364.3014364,974
1408,1782309364.3014388,976
1409,1782309364.3014402,971
1410,1782309364.3014424,978
1411,1782309364.3014438,974
1412,1782309364.5041614,972
1413,1782309364.5041761,974
1414,1782309364.5041778,977
1415,1782309364.5041788,974
1416,1782309364.5041802,8
1417,1782309364.5041833,973
1418,1782309364.505239,973
1419,1782309364.505249,971
1420,1782309364.5052505,971
1421,1782309364.505252,976
1422,1782309364.5052528,972
1423,1782309364.505254,4
1424,1782309364.5112522,972
1425,1782309364.5112698,974
1426,1782309364.5112717,974
1427,1782309364.5112727,965
1428,1782309364.511274,4
1429,1782309364.5112753,972
1430,1782309364.7110498,973
1431,1782309364.7110603,974
1432,1782309364.711062,973
1433,1782309364.7110634,4
1434,1782309364.7110648,973
1435,1782309364.711066,968
1436,1782309364.7110782,973
1437,1782309364.7110794,974
1438,1782309364.71108,973
1439,1782309364.7110813,972
1440,1782309364.7110822,974
1441,1782309364.7110834,73
1442,1782309365.326913,971
1443,1782309365.3269234,4
1444,1782309365.3269253,973
1445,1782309365.326927,90
1446,1782309365.3269284,974
1447,1782309365.3269293,4
1448,1782309365.3269305,972
1449,1782309365.3269317,90
1450,1782309365.326933,976
1451,1782309365.3375394,974
1452,1782309365.337557,76
1453,1782309365.3375604,972
1454,1782309365.3375628,973
1455,1782309365.337565,92
1456,1782309365.337567,974
1457,1782309365.3375688,971
1458,1782309365.3375702,110
1459,1782309365.5540752,972
1460,1782309365.5540931,1
1461,1782309365.554097,972
1462,1782309365.5540998,90
1463,1782309365.5541022,864
1464,1782309365.5541048,972
1465,1782309365.554107,92
1466,1782309365.5541089,874
1467,1782309365.5541112,13
1468,1782309365.5541348,304
1469,1782309365.5541372,292
1470,1782309365.5541394,280
1471,1782309365.5541413,268
1472,1782309365.554247,257
1473,1782309365.5542493,246
1474,1782309365.5542517,234
1475,1782309365.5542543,231
1476,1782309365.5542564,221
1477,1782309365.554258,67
1478,1782309365.5542727,904
1479,1782309365.554275,190
1480,1782309365.554277,971
1481,1782309365.554279,86
1482,1782309365.554281,910
1483,1782309365.5542827,187
1484,1782309365.5542924,974
1485,1782309365.5542948,80
1486,1782309365.554297,914
1487,1782309365.5542994,181
1488,1782309365.5543015,708
1489,1782309365.554304,68
1490,1782309365.554306,916
1491,1782309365.554308,180
1492,1782309365.5543096,709
1493,1782309365.5543115,76
1494,1782309365.7334294,921
1495,1782309365.733447,182
1496,1782309365.7334514,721
1497,1782309365.7334547,81
1498,1782309365.7334569,929
1499,1782309365.7334595,175
1500,1782309365.733462,726
1501,1782309365.7334645,81
1502,1782309365.733467,924
1503,1782309365.7334692,179
1504,1782309365.7358305,729
1505,1782309365.7358506,73
1506,1782309365.7358537,927
1507,1782309365.7358558,174
1508,1782309365.7358582,736
1509,1782309365.73586,75
1510,1782309365.7358618,932
1511,1782309365.735864,169
1512,1782309365.7358656,737
1513,1782309365.7358682,294
1514,1782309365.9382186,942
1515,1782309365.938236,164
1516,1782309365.9382393,744
1517,1782309365.9382412,290
1518,1782309365.9382434,939
1519,1782309365.9382453,163
1520,1782309365.938248,750
1521,1782309365.93825,286
1522,1782309365.9382522,958
1523,1782309365.938254,162
1524,1782309365.9382741,750
1525,1782309365.9382768,284
1526,1782309365.938279,944
1527,1782309365.9382808,160
1528,1782309365.9382825,755
1529,1782309365.9382844,284
1530,1782309365.9382863,955
1531,1782309365.9382887,146
1532,1782309365.9382906,764
1533,1782309365.938293,278
1534,1782309366.1456327,950
1535,1782309366.14565,154
1536,1782309366.1456535,769
1537,1782309366.1456566,271
1538,1782309366.145659,495
1539,1782309366.1456614,144
1540,1782309366.1456637,772
1541,1782309366.145666,267
1542,1782309366.145668,493
1543,1782309366.1456707,141
1544,1782309366.3475544,777
1545,1782309366.3475645,266
1546,1782309366.347567,502
1547,1782309366.3475697,141
1548,1782309366.3475723,781
1549,1782309366.347576,262
1550,1782309366.3475778,503
1551,1782309366.3475802,139
1552,1782309366.347582,783
1553,1782309366.347584,259
1554,1782309366.349165,511
1555,1782309366.3491673,149
1556,1782309366.3491688,790
1557,1782309366.34917,265
1558,1782309366.349171,517
1559,1782309366.3491719,144
1560,1782309366.349173,795
1561,1782309366.3491738,256
1562,1782309366.3491747,527
1563,1782309366.3491755,387
1564,1782309366.3491874,798
1565,1782309366.3491888,252
1566,1782309366.3491902,532
1567,1782309366.3491912,387
1568,1782309366.3491921,800
1569,1782309366.3491936,256
1570,1782309366.3491995,540
1571,1782309366.3492007,382
1572,1782309366.3492014,809
1573,1782309366.3492026,252
1574,1782309366.7580442,546
1575,1782309366.7580633,379
1576,1782309366.7580664,828
1577,1782309366.758069,249
1578,1782309366.7580721,548
1579,1782309366.758075,376
1580,1782309366.7580774,815
1581,1782309366.7580814,243
1582,1782309366.7580833,559
1583,1782309366.7580857,376
1584,1782309366.758109,820
1585,1782309366.758112,235
1586,1782309366.7581146,564
1587,1782309366.7581167,374
1588,1782309366.7581186,450
1589,1782309366.7581208,241
1590,1782309366.7581227,581
1591,1782309366.7581248,369
1592,1782309366.7581265,451
1593,1782309366.7581286,240
1594,1782309366.7581398,591
1595,1782309366.7581422,369
1596,1782309366.7581441,454
1597,1782309366.7581463,236
1598,1782309366.7581484,599
1599,1782309366.7581503,365
1600,1782309366.7581525,456
1601,1782309366.7581549,235
1602,1782309366.758157,608
1603,1782309366.7581592,362
1604,1782309366.764682,458
1605,1782309366.7646947,231
1606,1782309366.764697,613
1607,1782309366.7646985,356
1608,1782309366.7647,462
1609,1782309366.7647011,221
1610,1782309366.7647026,618
1611,1782309366.7647038,360
1612,1782309366.764705,461
1613,1782309366.7647061,512
1614,1782309366.9891424,629
1615,1782309366.9891632,357
1616,1782309366.9891672,464
1617,1782309366.98917,511
1618,1782309366.9891734,625
1619,1782309366.9891763,351
1620,1782309366.9891791,465
1621,1782309366.9891825,507
1622,1782309366.989185,643
1623,1782309366.9891875,347
1624,1782309366.9995234,462
1625,1782309366.9995313,512
1626,1782309366.999534,643
1627,1782309366.999536,343
1628,1782309366.9995384,464
1629,1782309366.999541,508
1630,1782309366.9995437,649
1631,1782309366.9995458,334
1632,1782309366.9995482,472
1633,1782309366.9995506,506
1634,1782309367.1670032,657
1635,1782309367.1670234,337
1636,1782309367.1670272,466
1637,1782309367.16703,510
1638,1782309367.1670332,418
1639,1782309367.1670365,333
1640,1782309367.1670392,471
1641,1782309367.1670413,504
1642,1782309367.1670437,422
1643,1782309367.1670458,327
1644,1782309367.1674836,480
1645,1782309367.167491,484
1646,1782309367.1674943,424
1647,1782309367.167497,322
1648,1782309367.1674995,469
1649,1782309367.1675026,491
1650,1782309367.1675053,428
1651,1782309367.1675072,303
1652,1782309367.1675096,469
1653,1782309367.1675117,476
1654,1782309367.3649309,403
1655,1782309367.3649447,306
1656,1782309367.364949,455
1657,1782309367.364952,481
1658,1782309367.3649552,403
1659,1782309367.3649578,310
1660,1782309367.3649607,450
1661,1782309367.3649635,492
1662,1782309367.3649666,388
1663,1782309367.3649693,586
1664,1782309367.3668473,436
1665,1782309367.3668506,500
1666,1782309367.3668523,384
1667,1782309367.366854,591
1668,1782309367.3668554,449
1669,1782309367.3668568,489
1670,1782309367.3668578,395
1671,1782309367.366859,573
1672,1782309367.3668606,449
1673,1782309367.3668625,476
1674,1782309367.5768902,403
1675,1782309367.5769107,573
1676,1782309367.5769153,462
1677,1782309367.5769186,468
1678,1782309367.576923,406
1679,1782309367.576926,574
1680,1782309367.5769289,462
1681,1782309367.5769312,459
1682,1782309367.576934,409
1683,1782309367.576937,570
1684,1782309367.6993618,460
1685,1782309367.6993778,457
1686,1782309367.6993797,404
1687,1782309367.6993809,569
1688,1782309367.6993823,349
1689,1782309367.6993833,456
1690,1782309367.6993842,406
1691,1782309367.6993852,569
1692,1782309367.6993861,351
1693,1782309367.699387,447
1694,1782309367.6999545,413
1695,1782309367.699957,566
1696,1782309367.6999583,356
1697,1782309367.6999598,446
1698,1782309367.6999612,413
1699,1782309367.699962,567
1700,1782309367.6999629,353
1701,1782309367.6999638,444
1702,1782309367.6999648,408
1703,1782309367.6999655,562
1704,1782309367.7085454,352
1705,1782309367.7085643,431
1706,1782309367.708568,405
1707,1782309367.708571,568
1708,1782309367.7085733,352
1709,1782309367.7085762,433
1710,1782309367.7085786,404
1711,1782309367.7085805,560
1712,1782309367.7085824,345
1713,1782309367.7085845,623
1714,1782309367.9865677,402
1715,1782309367.986583,557
1716,1782309367.9865844,349
1717,1782309367.9865859,615
1718,1782309367.986587,407
1719,1782309367.9865885,550
1720,1782309367.98659,355
1721,1782309367.9865916,612
1722,1782309367.9865925,412
1723,1782309367.9865935,561
1724,1782309367.987046,349
1725,1782309367.9870474,617
1726,1782309367.9870484,404
1727,1782309367.9870498,554
1728,1782309367.987051,348
1729,1782309367.9870524,615
1730,1782309367.9870539,405
1731,1782309367.987055,551
1732,1782309367.987056,357
1733,1782309367.987057,607
1734,1782309368.194329,414
1735,1782309368.1943476,548
1736,1782309368.194351,356
1737,1782309368.1943533,611
1738,1782309368.1943557,306
1739,1782309368.194358,547
1740,1782309368.1943598,356
1741,1782309368.194363,608
1742,1782309368.194365,309
1743,1782309368.194367,547
1744,1782309368.1943915,358
1745,1782309368.1943936,606
1746,1782309368.1943955,304
1747,1782309368.1943974,544
1748,1782309368.1943996,357
1749,1782309368.1944013,605
1750,1782309368.1944032,308
1751,1782309368.194405,543
1752,1782309368.194407,358
1753,1782309368.1944084,604
1754,1782309368.2032158,309
1755,1782309368.2032304,546
1756,1782309368.2032323,362
1757,1782309368.2032335,606
1758,1782309368.2033043,312
1759,1782309368.2033057,536
1760,1782309368.2033067,358
1761,1782309368.2033083,601
1762,1782309368.2033095,312
1763,1782309368.2033105,661
1764,1782309368.3966181,365
1765,1782309368.3966308,595
1766,1782309368.396634,314
1767,1782309368.3966367,660
1768,1782309368.3966389,365
1769,1782309368.3966415,598
1770,1782309368.3966434,313
1771,1782309368.3966453,659
1772,1782309368.3966475,364
1773,1782309368.3966494,597
1774,1782309368.6044562,313
1775,1782309368.6044798,658
1776,1782309368.6044853,368
1777,1782309368.6044888,594
1778,1782309368.6044924,318
1779,1782309368.6044946,653
1780,1782309368.6044967,369
1781,1782309368.6044986,594
1782,1782309368.6045005,318
1783,1782309368.6045027,654
1784,1782309368.6045232,371
1785,1782309368.6045256,592
1786,1782309368.6045277,320
1787,1782309368.6045294,650
1788,1782309368.6045313,269
1789,1782309368.6045332,593
1790,1782309368.604535,324
1791,1782309368.604538,651
1792,1782309368.6045399,270
1793,1782309368.6045418,589
1794,1782309368.6386535,323
1795,1782309368.6386707,646
1796,1782309368.638674,273
1797,1782309368.6386766,584
1798,1782309368.6386795,323
1799,1782309368.6386826,648
1800,1782309368.6386852,271
1801,1782309368.6386871,584
1802,1782309368.6386893,323
1803,1782309368.6386914,644
1804,1782309368.8085372,278
1805,1782309368.8085554,586
1806,1782309368.808559,323
1807,1782309368.8085618,643
1808,1782309368.8085647,274
1809,1782309368.808567,577
1810,1782309368.8085697,333
1811,1782309368.808573,639
1812,1782309368.808575,276
1813,1782309368.8085773,696
1814,1782309368.8091009,332
1815,1782309368.8091037,637
1816,1782309368.809105,280
1817,1782309368.8091059,695
1818,1782309368.809108,331
1819,1782309368.8091094,637
1820,1782309368.8091109,282
1821,1782309368.8091128,697
1822,1782309368.8091137,336
1823,1782309368.8091154,632
1824,1782309369.010116,282
1825,1782309369.0101304,691
1826,1782309369.0101326,335
1827,1782309369.010134,632
1828,1782309369.010135,282
1829,1782309369.0101364,690
1830,1782309369.0101373,338
1831,1782309369.010139,626
1832,1782309369.0101402,284
1833,1782309369.0101416,692
1834,1782309369.0103364,336
1835,1782309369.0103397,634
1836,1782309369.0103414,283
1837,1782309369.0103426,693
1838,1782309369.0103445,230
1839,1782309369.0103457,628
1840,1782309369.010347,285
1841,1782309369.010348,689
1842,1782309369.0103495,235
1843,1782309369.010351,627
1844,1782309369.2158728,285
1845,1782309369.2158902,686
1846,1782309369.2158937,238
1847,1782309369.2158964,626
1848,1782309369.2158983,288
1849,1782309369.2159002,687
1850,1782309369.2159019,236
1851,1782309369.215906,627
1852,1782309369.2159078,291
1853,1782309369.2159097,682
1854,1782309369.2385514,241
1855,1782309369.23857,619
1856,1782309369.2385736,291
1857,1782309369.2385767,678
1858,1782309369.2385798,242
1859,1782309369.2385826,617
1860,1782309369.2385857,291
1861,1782309369.2385879,677
1862,1782309369.2385902,242
1863,1782309369.2385929,740
1864,1782309369.413094,293
1865,1782309369.413109,678
1866,1782309369.413114,241
1867,1782309369.41312,740
1868,1782309369.4131248,292
1869,1782309369.4131286,675
1870,1782309369.413133,245
1871,1782309369.4131362,737
1872,1782309369.4131393,297
1873,1782309369.4131424,672
1874,1782309369.5391777,250
1875,1782309369.5392056,731
1876,1782309369.5392091,299
1877,1782309369.5392113,668
1878,1782309369.5392137,250
1879,1782309369.5392156,728
1880,1782309369.5392175,301
1881,1782309369.5392194,664
1882,1782309369.539221,250
1883,1782309369.5392227,728
1884,1782309369.5571048,301
1885,1782309369.557122,667
1886,1782309369.5571253,251
1887,1782309369.5571287,725
1888,1782309369.5571313,199
1889,1782309369.557134,663
1890,1782309369.5571353,254
1891,1782309369.5571375,722
1892,1782309369.5571392,199
1893,1782309369.557141,662
1894,1782309369.8293228,250
1895,1782309369.8293335,724
1896,1782309369.8293352,202
1897,1782309369.8293366,663
1898,1782309369.8293378,251
1899,1782309369.8293388,719
1900,1782309369.8293402,202
1901,1782309369.8293412,664
1902,1782309369.829342,252
1903,1782309369.829343,722
1904,1782309369.8299286,201
1905,1782309369.8299303,657
1906,1782309369.8299315,250
1907,1782309369.8299332,718
1908,1782309369.8299344,207
1909,1782309369.829935,657
1910,1782309369.829936,251
1911,1782309369.8299375,719
1912,1782309369.8299384,207
1913,1782309369.8299391,777
1914,1782309370.0343678,259
1915,1782309370.0343785,713
1916,1782309370.0343802,207
1917,1782309370.0343819,774
1918,1782309370.0343833,257
1919,1782309370.0343845,714
1920,1782309370.0343854,210
1921,1782309370.0343864,771
1922,1782309370.0343874,259
1923,1782309370.0343885,713
1924,1782309370.0344012,209
1925,1782309370.0344024,777
1926,1782309370.0344033,254
1927,1782309370.0344043,718
1928,1782309370.0344055,208
1929,1782309370.0344067,775
1930,1782309370.0344076,259
1931,1782309370.0344093,712
1932,1782309370.0344105,212
1933,1782309370.0344114,772
1934,1782309370.2401764,261
1935,1782309370.2402196,711
1936,1782309370.2402232,209
1937,1782309370.240226,769
1938,1782309370.2402287,158
1939,1782309370.2402308,709
1940,1782309370.2402332,210
1941,1782309370.2402353,767
1942,1782309370.2402372,165
1943,1782309370.2402394,706
1944,1782309370.240262,213
1945,1782309370.2402644,766
1946,1782309370.2402666,160
1947,1782309370.2402682,705
1948,1782309370.2402704,218
1949,1782309370.2402723,766
1950,1782309370.2402744,167
1951,1782309370.2402763,699
1952,1782309370.2402782,218
1953,1782309370.2402809,764
1954,1782309370.444523,168
1955,1782309370.444533,706
1956,1782309370.4445362,218
1957,1782309370.4445393,767
1958,1782309370.444542,167
1959,1782309370.4445455,702
1960,1782309370.4445484,217
1961,1782309370.444551,763
1962,1782309370.4445531,168
1963,1782309370.4445558,822
1964,1782309370.4462507,219
1965,1782309370.4462533,761
1966,1782309370.4462545,172
1967,1782309370.4462557,820
1968,1782309370.4462569,223
1969,1782309370.4462576,758
1970,1782309370.4462588,173
1971,1782309370.4462595,820
1972,1782309370.4462605,223
1973,1782309370.4462614,753
1974,1782309370.4462686,178
1975,1782309370.4462698,817
1976,1782309370.4462705,228
1977,1782309370.4462714,752
1978,1782309370.4462724,176
1979,1782309370.4462736,814
1980,1782309370.4462743,230
1981,1782309370.446275,753
1982,1782309370.4462762,175
1983,1782309370.4462771,813
1984,1782309370.650129,232
1985,1782309370.6501489,750
1986,1782309370.6501548,179
1987,1782309370.6501591,812
1988,1782309370.6501627,128
1989,1782309370.6501665,751
1990,1782309370.65017,178
1991,1782309370.6501758,813
1992,1782309370.6501791,129
1993,1782309370.6501822,750
1994,1782309370.6502352,182
1995,1782309370.6502373,811
1996,1782309370.6502392,128
1997,1782309370.6502411,758
1998,1782309370.6502426,176
1999,1782309370.6502442,814
2000,1782309370.6502457,132
2001,1782309370.6502476,748
2002,1782309370.6502497,179
2003,1782309370.6502516,812
2004,1782309370.8536916,133
2005,1782309370.8537095,750
2006,1782309370.8537138,184
2007,1782309370.8537161,806
2008,1782309370.8537188,133
2009,1782309370.8537214,744
2010,1782309370.853723,186
2011,1782309370.8537252,804
2012,1782309370.8537276,139
2013,1782309370.8537295,862
2014,1782309370.8537533,182
2015,1782309370.8537557,807
2016,1782309370.8537579,136
2017,1782309370.853761,864
2018,1782309370.8537636,186
2019,1782309370.853766,809
2020,1782309370.8537679,137
2021,1782309370.85377,867
2022,1782309370.853772,181
2023,1782309370.8537743,808
2024,1782309371.3971138,136
2025,1782309371.3971279,866
2026,1782309371.39713,188
2027,1782309371.3971324,807
2028,1782309371.3971338,136
2029,1782309371.3971353,864
2030,1782309371.3971367,185
2031,1782309371.3971379,804
2032,1782309371.3971388,138
2033,1782309371.39714,857
2034,1782309371.3971548,190
2035,1782309371.3971562,803
2036,1782309371.3971574,143
2037,1782309371.3971586,863
2038,1782309371.3971596,100
2039,1782309371.3971608,798
2040,1782309371.3971617,142
2041,1782309371.3971627,858
2042,1782309371.3971643,99
2043,1782309371.397237,798
2044,1782309371.3972435,143
2045,1782309371.3972447,854
2046,1782309371.3972461,102
2047,1782309371.3972473,796
2048,1782309371.3972485,149
2049,1782309371.3972497,854
2050,1782309371.3972514,104
2051,1782309371.3972523,796
2052,1782309371.3972535,147
2053,1782309371.3972545,854
2054,1782309371.3972595,102
2055,1782309371.397261,796
2056,1782309371.3972619,145
2057,1782309371.3972628,856
2058,1782309371.3972642,101
2059,1782309371.3972652,792
2060,1782309371.3972664,144
2061,1782309371.397267,853
2062,1782309371.3972683,102
2063,1782309371.3972692,905
2064,1782309371.3979964,147
2065,1782309371.3979993,849
2066,1782309371.3980005,100
2067,1782309371.3980014,903
2068,1782309371.3980026,149
2069,1782309371.3980033,849
2070,1782309371.3980045,106
2071,1782309371.3980055,906
2072,1782309371.3980064,152
2073,1782309371.3980076,850
2074,1782309371.7476974,106
2075,1782309371.7477071,905
2076,1782309371.7477095,149
2077,1782309371.7477107,847
2078,1782309371.7477124,106
2079,1782309371.7477136,900
2080,1782309371.747715,151
2081,1782309371.7477167,838
2082,1782309371.7477179,108
2083,1782309371.747719,902
2084,1782309371.750268,151
2085,1782309371.7502706,847
2086,1782309371.7502723,104
2087,1782309371.7502732,900
2088,1782309371.7502747,68
2089,1782309371.7502759,838
2090,1782309371.750277,112
2091,1782309371.7502782,893
2092,1782309371.7502794,69
2093,1782309371.7502806,840
2094,1782309371.88334,114
2095,1782309371.8833573,895
2096,1782309371.8833613,67
2097,1782309371.8833637,835
2098,1782309371.8833663,119
2099,1782309371.8833687,891
2100,1782309371.8833704,71
2101,1782309371.8833728,835
2102,1782309371.8833752,116
2103,1782309371.8833773,892
2104,1782309371.9094002,74
2105,1782309371.9094222,831
2106,1782309371.9094274,117
2107,1782309371.9094315,889
2108,1782309371.909436,73
2109,1782309371.9094393,831
2110,1782309371.909443,118
2111,1782309371.9094462,885
2112,1782309371.9094489,72
2113,1782309371.9094524,936
2114,1782309372.2884035,637
2115,1782309372.288415,624
2116,1782309372.2884173,609
2117,1782309372.2884188,599
2118,1782309372.2884204,573
2119,1782309372.2884223,561
2120,1782309372.288425,72
2121,1782309372.288427,934
2122,1782309372.288429,120
2123,1782309372.288431,888
2124,1782309372.288447,70
2125,1782309372.2884486,938
2126,1782309372.2884505,112
2127,1782309372.2884521,891
2128,1782309372.2884536,72
2129,1782309372.2884555,934
2130,1782309372.288457,112
2131,1782309372.2884579,885
2132,1782309372.2884595,72
2133,1782309372.2884607,933
2134,1782309372.2884684,112
2135,1782309372.28847,888
2136,1782309372.2884717,68
2137,1782309372.2884734,934
2138,1782309372.2884748,20
2139,1782309372.2884765,892
2140,1782309372.2884777,72
2141,1782309372.2884793,936
2142,1782309372.2884805,13
2143,1782309372.2884817,900
2144,1782309372.2884886,57
2145,1782309372.2884908,940
2146,1782309372.2884922,12
2147,1782309372.2884939,904
2148,1782309372.288495,56
2149,1782309372.2884965,941
2150,1782309372.2884977,15
2151,1782309372.288499,908
2152,1782309372.288501,59
2153,1782309372.2885025,941
2154,1782309372.2885096,976
2155,1782309372.2885113,967
2156,1782309372.2885127,961
2157,1782309372.2885144,957
2158,1782309372.2885156,969
2159,1782309372.2885168,959
2160,1782309372.2885182,953
2161,1782309372.2885191,948
2162,1782309372.2885208,948
2163,1782309372.2885218,966
2164,1782309372.2885408,12
2165,1782309372.2885427,965
2166,1782309372.2885444,63
2167,1782309372.2885458,935
2168,1782309372.288547,19
2169,1782309372.2885485,966
2170,1782309372.2885504,65
2171,1782309372.288552,933
2172,1782309372.4918346,24
2173,1782309372.4918547,970
2174,1782309372.4918597,66
2175,1782309372.491863,934
2176,1782309372.491866,24
2177,1782309372.491869,968
2178,1782309372.4918718,66
2179,1782309372.4918742,934
2180,1782309372.4918773,32
2181,1782309372.49188,962
2182,1782309372.4953966,87
2183,1782309372.495409,916
2184,1782309372.4954116,40
2185,1782309372.4954135,963
2186,1782309372.4954152,5
2187,1782309372.4954169,919
2188,1782309372.4954183,39
2189,1782309372.49542,968
2190,1782309372.4954214,11
2191,1782309372.4954233,902
2192,1782309372.696813,55
2193,1782309372.6968334,960
2194,1782309372.6968386,19
2195,1782309372.6968422,890
2196,1782309372.6968458,67
2197,1782309372.6968486,954
2198,1782309372.6968513,25
2199,1782309372.6968539,883
2200,1782309372.6968565,73
2201,1782309372.6968591,954
2202,1782309372.6968865,27
2203,1782309372.6968894,880
2204,1782309372.696892,82
2205,1782309372.6968946,951
2206,1782309372.696897,31
2207,1782309372.6968994,877
2208,1782309372.6969025,81
2209,1782309372.6969054,951
2210,1782309372.696908,31
2211,1782309372.6969104,964
2212,1782309372.9027355,83
2213,1782309372.9027522,952
2214,1782309372.9027574,32
2215,1782309372.9027612,965
2216,1782309372.9027662,84
2217,1782309372.9027696,948
2218,1782309372.9027724,33
2219,1782309372.9027753,963
2220,1782309372.9027781,84
2221,1782309372.9027808,947
2222,1782309372.9046795,29
2223,1782309372.904683,964
2224,1782309372.904685,86
2225,1782309372.904687,948
2226,1782309372.9046881,33
2227,1782309372.9046896,964
2228,1782309372.9046912,87
2229,1782309372.9046924,946
2230,1782309372.9046938,33
2231,1782309372.904695,963
2232,1782309373.106422,88
2233,1782309373.1064377,944
2234,1782309373.1064413,35
2235,1782309373.1064434,964
2236,1782309373.1064458,20
2237,1782309373.106448,941
2238,1782309373.1064494,44
2239,1782309373.1064513,963
2240,1782309373.1064527,20
2241,1782309373.1064541,938
2242,1782309373.1064732,43
2243,1782309373.1064754,961
2244,1782309373.1064787,17
2245,1782309373.1064804,932
2246,1782309373.106482,52
2247,1782309373.1064837,964
2248,1782309373.106485,24
2249,1782309373.1064866,925
2250,1782309373.1064882,52
2251,1782309373.10649,960
2252,1782309373.3139088,21
2253,1782309373.3139238,926
2254,1782309373.313928,50
2255,1782309373.3139307,958
2256,1782309373.3139334,21
2257,1782309373.3139355,927
2258,1782309373.313938,54
2259,1782309373.31394,958
2260,1782309373.3139424,25
2261,1782309373.3139446,962
2262,1782309373.315145,56
2263,1782309373.3151488,959
2264,1782309373.3151515,23
2265,1782309373.3151536,963
2266,1782309373.3151557,59
2267,1782309373.3151577,958
2268,1782309373.3151603,24
2269,1782309373.3151624,961
2270,1782309373.3151646,58
2271,1782309373.3151667,959
2272,1782309373.4449196,25
2273,1782309373.444942,963
2274,1782309373.4449465,54
2275,1782309373.4449503,960
2276,1782309373.4449556,27
2277,1782309373.4449584,965
2278,1782309373.4449615,59
2279,1782309373.4449642,958
2280,1782309373.4449666,25
2281,1782309373.444969,965
2282,1782309373.5267909,58
2283,1782309373.5268106,960
2284,1782309373.5268154,26
2285,1782309373.526819,963
2286,1782309373.5268223,3
2287,1782309373.5268252,955
2288,1782309373.526828,24
2289,1782309373.5268304,964
2290,1782309373.526833,3
2291,1782309373.5268357,957
2292,1782309373.721807,29
2293,1782309373.7218237,967
2294,1782309373.721829,9
2295,1782309373.7218323,958
2296,1782309373.7218354,29
2297,1782309373.721838,965
2298,1782309373.7218404,14
2299,1782309373.721843,959
2300,1782309373.7218451,33
2301,1782309373.7218475,965
2302,1782309373.7218728,5
2303,1782309373.7218766,957
2304,1782309373.7218797,25
2305,1782309373.7218823,965
2306,1782309373.721885,4
2307,1782309373.7218874,958
2308,1782309373.7218897,29
2309,1782309373.721892,961
2310,1782309373.7218945,5
2311,1782309373.7218966,967
2312,1782309373.9260786,27
2313,1782309373.9260933,964
2314,1782309373.9260976,4
2315,1782309373.9261014,963
2316,1782309373.926105,32
2317,1782309373.9261074,962
2318,1782309373.9261098,12
2319,1782309373.9261117,967
2320,1782309373.926114,35
2321,1782309373.926116,965
2322,1782309373.9276843,8
2323,1782309373.927687,966
2324,1782309373.9276884,32
2325,1782309373.9276896,963
2326,1782309373.9276905,8
2327,1782309373.9276915,966
2328,1782309373.9276927,33
2329,1782309373.9276934,964
2330,1782309373.9276943,9
2331,1782309373.927695,964
2332,1782309374.1306705,36
2333,1782309374.1306858,963
2334,1782309374.1306877,10
2335,1782309374.1306896,964
2336,1782309374.1306913,963
2337,1782309374.130693,10
2338,1782309374.1306942,965
2339,1782309374.1306956,963
2340,1782309374.1307094,10
2341,1782309374.1307116,967
2342,1782309374.130713,964
2343,1782309374.1307144,9
2344,1782309374.1307158,954
2345,1782309374.1307173,961
2346,1782309374.1307187,7
2347,1782309374.13072,968
2348,1782309374.3359015,3
2349,1782309374.3359258,961
2350,1782309374.3359313,12
2351,1782309374.3359356,965
2352,1782309374.3359392,1
2353,1782309374.3359425,964
2354,1782309374.3359463,12
2355,1782309374.3359494,963
2356,1782309374.3359528,964
2357,1782309374.3360083,15
2358,1782309374.3360126,963
2359,1782309374.3360162,968
2360,1782309374.3360195,15
2361,1782309374.3360224,966
2362,1782309374.3360252,972
2363,1782309374.3360283,13
2364,1782309374.3360307,963
2365,1782309374.540084,966
2366,1782309374.5401037,12
2367,1782309374.540109,965
2368,1782309374.5401125,1
2369,1782309374.5401156,969
2370,1782309374.5401196,17
2371,1782309374.540123,966
2372,1782309374.5401254,969
2373,1782309374.5401537,14
2374,1782309374.5401578,965
2375,1782309374.5401611,2
2376,1782309374.5401645,971
2377,1782309374.5401669,964
2378,1782309374.5401695,1
2379,1782309374.540172,967
2380,1782309374.5401752,964
2381,1782309374.747606,7
2382,1782309374.7476263,968
2383,1782309374.7476318,965
2384,1782309374.7476354,2
2385,1782309374.747639,968
2386,1782309374.747642,963
2387,1782309374.7476454,2
2388,1782309374.7476482,970
2389,1782309374.7476768,964
2390,1782309374.7476804,3
2391,1782309374.7476838,969
2392,1782309374.7476866,964
2393,1782309374.7476892,3
2394,1782309374.7476923,968
2395,1782309374.7476945,972
2396,1782309374.7896109,3
2397,1782309374.789632,970
2398,1782309374.7896366,974
2399,1782309374.7896402,3
2400,1782309374.7896433,968
2401,1782309374.7896469,971
2402,1782309374.7896497,5
2403,1782309374.7896526,967
2404,1782309374.9527004,967
2405,1782309374.9527152,3
2406,1782309374.9527197,968
2407,1782309374.952723,971
2408,1782309374.9527254,2
2409,1782309374.9527304,968
2410,1782309374.9527335,971
2411,1782309374.9821594,3
2412,1782309374.9821706,969
2413,1782309374.9821734,973
2414,1782309374.9821756,967
2415,1782309374.9821777,969
2416,1782309374.9821796,967
2417,1782309375.1574044,970
2418,1782309375.1574242,964
2419,1782309375.1574283,970
2420,1782309375.1574311,966
2421,1782309375.1574342,971
2422,1782309375.3601332,965
2423,1782309375.360155,970
2424,1782309375.3601596,965
2425,1782309375.3601644,966
2426,1782309375.3601677,971
2427,1782309375.3602169,970
2428,1782309375.3602202,972
2429,1782309375.3602233,970
2430,1782309375.3602262,973
2431,1782309375.360229,969
2432,1782309375.5641403,972
2433,1782309375.5641608,970
2434,1782309375.564165,970
2435,1782309375.564169,969
2436,1782309375.564172,974
2437,1782309375.5646617,971
2438,1782309375.5646653,971
2439,1782309375.5646672,970
2440,1782309375.564669,972
2441,1782309375.564671,968
2442,1782309375.5839431,971
2443,1782309375.5839639,971
2444,1782309375.583968,973
2445,1782309375.5839708,970
2446,1782309375.5839741,970
2447,1782309375.7721202,968
2448,1782309375.772136,974
2449,1782309375.7721403,965
2450,1782309375.7721434,972
2451,1782309375.7721467,973
2452,1782309375.7976859,971
2453,1782309375.797697,972
2454,1782309375.7977004,971
2455,1782309375.7977035,973
2456,1782309375.797706,971
